city,lat,lng,country,iso2,population,country_population,country_area_km2,country_gini,wb_gdp_per_capita,wb_urban_pop_pct,uni_count
Tokyo,35.687,139.7495,Japan,JP,37785000,123210000,377930,32.9,32475.8925,92.134,31
Jakarta,-6.175,106.8275,Indonesia,ID,33756000,284438782,1904569,38.2,4925.430488,59.204,10
Delhi,28.61,77.23,India,IN,32226000,1417492000,3287263,35.7,2696.6639,36.867,5
Guangzhou,23.13,113.26,China,CN,26940000,1408280000,9706961,38.5,13303.14815,65.544,5
Mumbai,19.0761,72.8775,India,IN,24973000,1417492000,3287263,35.7,2696.6639,36.867,1
Manila,14.5958,120.9772,Philippines,PH,24922000,114123600,342353,42.3,3984.831539,48.614,6
Shanghai,31.2286,121.4747,China,CN,24073000,1408280000,9706961,38.5,13303.14815,65.544,28
São Paulo,-23.5504,-46.6339,Brazil,BR,23086000,213421037,8515767,53.4,10280.31486,88.016,0
Seoul,37.5667,126.9833,"Korea, South",KR,23016000,51159889,100210,31.4,,81.498,0
Mexico City,19.4333,-99.1333,Mexico,MX,21804000,130575786,1964375,45.4,14157.94458,81.862,0
Kolkāta,22.5675,88.37,India,IN,21747000,1417492000,3287263,35.7,2696.6639,36.867,0
Cairo,30.0444,31.2358,Egypt,EG,20296000,107271260,1002450,31.5,3338.473714,43.258,4
Karachi,24.86,67.01,Pakistan,PK,20249000,241499431,796095,31.6,1484.749859,38.365,8
Dhaka,23.7289,90.3944,Bangladesh,BD,19134000,169828911,147570,32.4,2593.416074,41.23,3
New York,40.6943,-73.9249,United States,US,18832416,340110988,9525067,41.4,85809.90038,83.515,2
Beijing,39.9067,116.3975,China,CN,18522000,1408280000,9706961,38.5,13303.14815,65.544,23
Bangkok,13.7525,100.4942,Thailand,TH,18007000,65859640,513120,34.9,7345.13569,54.32,2
Shenzhen,22.5415,114.0596,China,CN,17619000,1408280000,9706961,38.5,13303.14815,65.544,1
Moscow,55.7506,37.6175,Russia,RU,17332000,146028325,17098246,37.5,14889.01855,75.548,0
Buenos Aires,-34.6036,-58.3814,Argentina,AR,16710000,46735004,2780400,42.9,13858.20398,92.579,0
Lagos,6.455,3.3841,Nigeria,NG,16637000,223800000,923768,35.1,806.9456951,55.03,4
Bangalore,12.9789,77.5917,India,IN,15386000,1417492000,3287263,35.7,2696.6639,36.867,3
Ho Chi Minh City,10.7756,106.7019,Vietnam,VN,15136000,101343800,331212,35.7,4717.290287,40.195,0
Ōsaka,34.6939,135.5022,Japan,JP,15126000,123210000,377930,32.9,32475.8925,92.134,0
Chengdu,30.66,104.0633,China,CN,14645000,1408280000,9706961,38.5,13303.14815,65.544,5
Istanbul,41.0136,28.955,Turkey,TR,14441000,85664944,783562,41.9,15473.28726,77.893,0
Tehran,35.6889,51.3897,Iran,IR,14148000,85961000,1648195,42,4771.40029,77.698,8
Kinshasa,-4.3219,15.3119,Congo (Kinshasa),CD,12836000,112832000,2344858,42.1,647.4357048,48.055,0
Rio de Janeiro,-22.9111,-43.2056,Brazil,BR,12592000,213421037,8515767,53.4,10280.31486,88.016,0
Chennai,13.0825,80.275,India,IN,12395000,1417492000,3287263,35.7,2696.6639,36.867,1
Xi’an,34.2611,108.9422,China,CN,12328000,1408280000,9706961,38.5,13303.14815,65.544,0
Lahore,31.5497,74.3436,Pakistan,PK,12306000,241499431,796095,31.6,1484.749859,38.365,11
Chongqing,29.5637,106.5504,China,CN,12135000,1408280000,9706961,38.5,13303.14815,65.544,14
Los Angeles,34.1141,-118.4068,United States,US,11885717,340110988,9525067,41.4,85809.90038,83.515,9
London,51.5072,-0.1275,United Kingdom,GB,11262000,69281437,244376,35.1,52636.78659,84.884,50
Paris,48.8567,2.3522,France,FR,11060000,66351959,543908,32.4,46150.48769,82.044,33
Linyi,35.1038,118.3564,China,CN,10820000,1408280000,9706961,38.5,13303.14815,65.544,0
Dongguan,23.021,113.752,China,CN,10646000,1408280000,9706961,38.5,13303.14815,65.544,0
Baoding,38.874,115.464,China,CN,10546831,1408280000,9706961,38.5,13303.14815,65.544,0
Hyderābād,17.3617,78.4747,India,IN,10494000,1417492000,3287263,35.7,2696.6639,36.867,0
Tianjin,39.1336,117.2054,China,CN,10368000,1408280000,9706961,38.5,13303.14815,65.544,9
Lima,-12.06,-77.0375,Peru,PE,10320000,34350244,1285216,41.5,8452.37167,79.139,1
Wuhan,30.5934,114.3046,China,CN,10251000,1408280000,9706961,38.5,13303.14815,65.544,8
Nanyang,32.9902,112.5285,China,CN,9577771,1408280000,9706961,38.5,13303.14815,65.544,0
Hangzhou,30.267,120.153,China,CN,9523000,1408280000,9706961,38.5,13303.14815,65.544,0
Nagoya,35.1833,136.9,Japan,JP,9197000,123210000,377930,32.9,32475.8925,92.134,9
Luanda,-8.8383,13.2344,Angola,AO,9051000,36170961,1246700,51.3,2122.08369,69.281,0
Foshan,23.0214,113.1216,China,CN,9042500,1408280000,9706961,38.5,13303.14815,65.544,1
Kuala Lumpur,3.1686,101.698,Malaysia,MY,8911000,34231700,330803,41.1,11867.25864,79.201,2
Zhoukou,33.6367,114.7014,China,CN,8677800,1408280000,9706961,38.5,13303.14815,65.544,0
Tongshan,34.261,117.1859,China,CN,8669000,1408280000,9706961,38.5,13303.14815,65.544,0
Hanoi,21,105.85,Vietnam,VN,8587100,101343800,331212,35.7,4717.290287,40.195,0
Chicago,41.8375,-87.6866,United States,US,8489066,340110988,9525067,41.4,85809.90038,83.515,8
Nanjing,32.0608,118.7789,China,CN,8422000,1408280000,9706961,38.5,13303.14815,65.544,15
Heze,35.2343,115.4796,China,CN,8287693,1408280000,9706961,38.5,13303.14815,65.544,0
Pune,18.5203,73.8567,India,IN,8231000,1417492000,3287263,35.7,2696.6639,36.867,2
Jining,35.4151,116.5871,China,CN,8081905,1408280000,9706961,38.5,13303.14815,65.544,0
Bogotá,4.7111,-74.0722,Colombia,CO,8034649,53057212,1141748,51.3,7913.988015,82.652,2
Ahmedabad,23.0225,72.5714,India,IN,8009000,1417492000,3287263,35.7,2696.6639,36.867,3
Shenyang,41.8025,123.4281,China,CN,7964000,1408280000,9706961,38.5,13303.14815,65.544,7
Dar es Salaam,-6.8161,39.2803,Tanzania,TZ,7962000,68153004,947303,40.5,1185.745483,38.136,0
Khartoum,15.6031,32.5265,Sudan,SD,7869000,51662000,1886068,34.2,989.3128662,36.752,1
Johannesburg,-26.2044,28.0456,South Africa,ZA,7860781,63100945,1221037,63,6253.371582,69.298,1
Fuyang,32.89,115.814,China,CN,7599913,1408280000,9706961,38.5,13303.14815,65.544,0
Hong Kong,22.3,114.2,Hong Kong,HK,7450000,7527500,1104,,54107.03452,100,4
Ganzhou,25.831,114.933,China,CN,7396873,1408280000,9706961,38.5,13303.14815,65.544,0
Shangqiu,34.415,115.656,China,CN,7325300,1408280000,9706961,38.5,13303.14815,65.544,0
Cangzhou,38.3047,116.8387,China,CN,7300783,1408280000,9706961,38.5,13303.14815,65.544,0
Riyadh,24.65,46.71,Saudi Arabia,SA,7237000,35300280,2149690,,35057.22523,85.171,2
Santiago,-33.4372,-70.6506,Chile,CL,7171000,20206953,756102,44.4,16709.8894,88.116,2
Zhumadian,33.014,114.022,China,CN,7008427,1408280000,9706961,38.5,13303.14815,65.544,0
Zhanjiang,21.2701,110.3575,China,CN,6981236,1408280000,9706961,38.5,13303.14815,65.544,1
Rangoon,16.795,96.16,Burma,MM,6874000,51316756,676578,30.7,1359.259614,32.47,0
Yancheng,33.35,120.1569,China,CN,6709629,1408280000,9706961,38.5,13303.14815,65.544,0
Bijie,27.284,105.292,China,CN,6686100,1408280000,9706961,38.5,13303.14815,65.544,0
Xingtai,37.0717,114.5048,China,CN,6645766,1408280000,9706961,38.5,13303.14815,65.544,0
Hengyang,26.894,112.572,China,CN,6645243,1408280000,9706961,38.5,13303.14815,65.544,0
Shaoyang,27.2395,111.4679,China,CN,6563520,1408280000,9706961,38.5,13303.14815,65.544,0
Surabaya,-7.2458,112.7378,Indonesia,ID,6556000,284438782,1904569,38.2,4925.430488,59.204,8
Sūrat,21.205,72.84,India,IN,6538000,1417492000,3287263,35.7,2696.6639,36.867,0
Quanzhou,24.8744,118.6757,China,CN,6480000,1408280000,9706961,38.5,13303.14815,65.544,0
Shangrao,28.4551,117.9431,China,CN,6435300,1408280000,9706961,38.5,13303.14815,65.544,0
Zunyi,27.722,107.031,China,CN,6270700,1408280000,9706961,38.5,13303.14815,65.544,0
Madrid,40.4169,-3.7033,Spain,ES,6211000,49315949,505992,34.7,35297.0095,81.802,6
Baghdad,33.3153,44.3661,Iraq,IQ,6183000,46118793,438317,29.5,6073.610323,,4
Maoming,21.6627,110.9255,China,CN,6174050,1408280000,9706961,38.5,13303.14815,65.544,0
Miami,25.784,-80.2101,United States,US,6113982,340110988,9525067,41.4,85809.90038,83.515,3
Xinyang,32.149,114.091,China,CN,6109106,1408280000,9706961,38.5,13303.14815,65.544,0
Houston,29.786,-95.3885,United States,US,6046392,340110988,9525067,41.4,85809.90038,83.515,5
Singapore,1.3,103.8,Singapore,SG,5983000,6110200,710,,90674.06663,100,9
Prayagraj,25.4358,81.8464,India,IN,5954391,1417492000,3287263,35.7,2696.6639,36.867,0
Huanggang,30.4537,114.8724,China,CN,5882719,1408280000,9706961,38.5,13303.14815,65.544,0
Dalian,38.9,121.6,China,CN,5871474,1408280000,9706961,38.5,13303.14815,65.544,6
Ankara,39.93,32.85,Turkey,TR,5864049,85664944,783562,41.9,15473.28726,77.893,0
Dallas,32.7935,-96.7667,United States,US,5843632,340110988,9525067,41.4,85809.90038,83.515,6
Qingdao,36.0669,120.3827,China,CN,5818255,1408280000,9706961,38.5,13303.14815,65.544,2
Yulin,22.654,110.181,China,CN,5796766,1408280000,9706961,38.5,13303.14815,65.544,0
Liaocheng,36.4559,115.9852,China,CN,5789863,1408280000,9706961,38.5,13303.14815,65.544,1
Douala,4.05,9.7,Cameroon,CM,5768400,29442327,475442,46.6,1762.368351,59.892,1
Qujing,25.491,103.796,China,CN,5765775,1408280000,9706961,38.5,13303.14815,65.544,0
Nangandao,35.3036,113.9268,China,CN,5708191,1408280000,9706961,38.5,13303.14815,65.544,0
Addis Ababa,9.03,38.74,Ethiopia,ET,5704000,111652998,1104300,35,,23.661,2
Philadelphia,40.0077,-75.1339,United States,US,5696588,340110988,9525067,41.4,85809.90038,83.515,2
Toronto,43.7417,-79.3733,Canada,CA,5647656,41651653,9984670,33.3,54282.61761,81.98,7
Zhengzhou,34.764,113.684,China,CN,5621593,1408280000,9706961,38.5,13303.14815,65.544,2
Nanchong,30.8372,106.1106,China,CN,5607565,1408280000,9706961,38.5,13303.14815,65.544,0
Jinan,36.6702,117.0207,China,CN,5606374,1408280000,9706961,38.5,13303.14815,65.544,1
Giza,29.987,31.2118,Egypt,EG,5598402,107271260,1002450,31.5,3338.473714,43.258,0
Saint Petersburg,59.9375,30.3086,Russia,RU,5597763,146028325,17098246,37.5,14889.01855,75.548,0
Jieyang,23.551,116.3727,China,CN,5577814,1408280000,9706961,38.5,13303.14815,65.544,0
Dezhou,37.436,116.359,China,CN,5568235,1408280000,9706961,38.5,13303.14815,65.544,0
Nairobi,-1.2864,36.8172,Kenya,KE,5545000,53330978,580367,40.8,2206.134979,30.049,3
Guadalajara,20.6767,-103.3475,Mexico,MX,5525000,130575786,1964375,45.4,14157.94458,81.862,3
Tai’an,36.202,117.087,China,CN,5472217,1408280000,9706961,38.5,13303.14815,65.544,0
Dazhou,31.2093,107.4678,China,CN,5385422,1408280000,9706961,38.5,13303.14815,65.544,0
Belo Horizonte,-19.9281,-43.9419,Brazil,BR,5328000,213421037,8515767,53.4,10280.31486,88.016,0
Suzhou,33.648,116.964,China,CN,5324476,1408280000,9706961,38.5,13303.14815,65.544,1
Monterrey,25.6844,-100.3181,Mexico,MX,5324281,130575786,1964375,45.4,14157.94458,81.862,4
Yongzhou,26.42,111.613,China,CN,5289824,1408280000,9706961,38.5,13303.14815,65.544,0
Changde,29.031,111.699,China,CN,5279102,1408280000,9706961,38.5,13303.14815,65.544,0
Xiangyang,32.01,112.122,China,CN,5260951,1408280000,9706961,38.5,13303.14815,65.544,0
Atlanta,33.7628,-84.422,United States,US,5211164,340110988,9525067,41.4,85809.90038,83.515,2
Pudong,31.2347,121.5064,China,CN,5187200,1408280000,9706961,38.5,13303.14815,65.544,0
Washington,38.9047,-77.0163,United States,US,5146120,340110988,9525067,41.4,85809.90038,83.515,16
Zhaotong,27.338,103.717,China,CN,5092611,1408280000,9706961,38.5,13303.14815,65.544,0
Zhangzhou,24.513,117.647,China,CN,5054328,1408280000,9706961,38.5,13303.14815,65.544,0
Yueyang,29.3647,113.1309,China,CN,5051922,1408280000,9706961,38.5,13303.14815,65.544,0
Melbourne,-37.8142,144.9631,Australia,AU,5031195,27536874,7692024,34.4,64407.48426,86.75,2
Yichun,27.816,114.417,China,CN,5007702,1408280000,9706961,38.5,13303.14815,65.544,0
Abidjan,5.3364,-4.0267,Côte d’Ivoire,CI,4980000,31719275,322463,41.5,2709.895116,53.644,0
Guilin,25.275,110.296,China,CN,4931137,1408280000,9706961,38.5,13303.14815,65.544,0
Pingdingshan,33.7666,113.1926,China,CN,4904701,1408280000,9706961,38.5,13303.14815,65.544,0
Alexandria,31.1975,29.8925,Egypt,EG,4870000,107271260,1002450,31.5,3338.473714,43.258,1
Bozhou,33.8463,115.7786,China,CN,4850657,1408280000,9706961,38.5,13303.14815,65.544,0
Sydney,-33.8667,151.2,Australia,AU,4840600,27536874,7692024,34.4,64407.48426,86.75,4
Barcelona,41.3833,2.1833,Spain,ES,4800000,49315949,505992,34.7,35297.0095,81.802,6
Yuncheng,35.0267,111.007,China,CN,4774508,1408280000,9706961,38.5,13303.14815,65.544,0
Cape Town,-33.9253,18.4239,South Africa,ZA,4770313,63100945,1221037,63,6253.371582,69.298,0
Changsha,28.228,112.939,China,CN,4766296,1408280000,9706961,38.5,13303.14815,65.544,2
Suqian,33.963,118.275,China,CN,4719178,1408280000,9706961,38.5,13303.14815,65.544,0
Jeddah,21.5428,39.1728,Saudi Arabia,SA,4697000,35300280,2149690,,35057.22523,85.171,1
Weinan,34.5206,109.471,China,CN,4688744,1408280000,9706961,38.5,13303.14815,65.544,0
Berlin,52.52,13.405,Germany,DE,4679500,83491249,357114,31.9,55800.21945,77.895,14
Chenzhou,25.77,113.016,China,CN,4667134,1408280000,9706961,38.5,13303.14815,65.544,0
Jiangmen,22.5789,113.0815,China,CN,4630300,1408280000,9706961,38.5,13303.14815,65.544,0
Mianyang,31.468,104.679,China,CN,4613862,1408280000,9706961,38.5,13303.14815,65.544,0
Jiujiang,29.661,115.954,China,CN,4600276,1408280000,9706961,38.5,13303.14815,65.544,0
Huaihua,27.5698,110.0016,China,CN,4587594,1408280000,9706961,38.5,13303.14815,65.544,2
Huanglongsi,34.795,114.345,China,CN,4564900,1408280000,9706961,38.5,13303.14815,65.544,0
Taizhou,32.4567,119.9229,China,CN,4512762,1408280000,9706961,38.5,13303.14815,65.544,1
Belāhi,26.4,86.25,India,IN,4487379,1417492000,3287263,35.7,2696.6639,36.867,0
Yibin,28.752,104.643,China,CN,4471896,1408280000,9706961,38.5,13303.14815,65.544,0
Ji’an,27.0912,114.9668,China,CN,4469176,1408280000,9706961,38.5,13303.14815,65.544,0
Yangzhou,32.3944,119.4128,China,CN,4459760,1408280000,9706961,38.5,13303.14815,65.544,1
Kunming,25.0464,102.7094,China,CN,4422686,1408280000,9706961,38.5,13303.14815,65.544,0
Changchun,43.897,125.326,China,CN,4408154,1408280000,9706961,38.5,13303.14815,65.544,3
Lu’an,31.736,116.52,China,CN,4393699,1408280000,9706961,38.5,13303.14815,65.544,0
Xinpu,34.5966,119.2214,China,CN,4393482,1408280000,9706961,38.5,13303.14815,65.544,0
Langfang,39.5383,116.6835,China,CN,4358839,1408280000,9706961,38.5,13303.14815,65.544,0
Boston,42.3188,-71.0852,United States,US,4355184,340110988,9525067,41.4,85809.90038,83.515,5
Ürümqi,43.8225,87.6125,China,CN,4335017,1408280000,9706961,38.5,13303.14815,65.544,0
Suzhou,31.3,120.6194,China,CN,4330000,1408280000,9706961,38.5,13303.14815,65.544,1
Guigang,23.112,109.599,China,CN,4316262,1408280000,9706961,38.5,13303.14815,65.544,0
Shantou,23.354,116.682,China,CN,4312192,1408280000,9706961,38.5,13303.14815,65.544,1
Jiangguanchi,34.037,113.852,China,CN,4307488,1408280000,9706961,38.5,13303.14815,65.544,0
Kabul,34.5253,69.1783,Afghanistan,AF,4273156,43844000,652230,,,27.265,5
Xiaoganzhan,30.918,113.957,China,CN,4270371,1408280000,9706961,38.5,13303.14815,65.544,0
Bamako,12.6458,-7.9922,Mali,ML,4227569,22395489,1240192,33,1086.176218,46.934,1
Kano,12,8.5167,Nigeria,NG,4224966,223800000,923768,35.1,806.9456951,55.03,2
Luzhou,28.871,105.442,China,CN,4218427,1408280000,9706961,38.5,13303.14815,65.544,1
Hefei,31.8206,117.2273,China,CN,4216940,1408280000,9706961,38.5,13303.14815,65.544,1
Hengshui,37.739,115.669,China,CN,4212933,1408280000,9706961,38.5,13303.14815,65.544,0
Fortaleza,-3.7275,-38.5275,Brazil,BR,4167996,213421037,8515767,53.4,10280.31486,88.016,1
Anqing,30.5318,117.1153,China,CN,4165284,1408280000,9706961,38.5,13303.14815,65.544,0
Zhangjiakou,40.769,114.886,China,CN,4118908,1408280000,9706961,38.5,13303.14815,65.544,0
Zhaoqing,23.05,112.4667,China,CN,4113594,1408280000,9706961,38.5,13303.14815,65.544,0
Shijiazhuang,38.0425,114.51,China,CN,4098243,1408280000,9706961,38.5,13303.14815,65.544,0
Ningbo,29.8603,121.6245,China,CN,4087523,1408280000,9706961,38.5,13303.14815,65.544,3
Qiqihar,47.3549,123.9182,China,CN,4067489,1408280000,9706961,38.5,13303.14815,65.544,0
Phoenix,33.5722,-112.0892,United States,US,4065338,340110988,9525067,41.4,85809.90038,83.515,2
Liuzhou,24.3278,109.4278,China,CN,4041700,1408280000,9706961,38.5,13303.14815,65.544,0
Chifeng,42.255,118.8825,China,CN,4035967,1408280000,9706961,38.5,13303.14815,65.544,0
Xiaoxita,30.692,111.287,China,CN,4017607,1408280000,9706961,38.5,13303.14815,65.544,0
Amman,31.9497,35.9328,Jordan,JO,4007526,11734000,89342,33.7,4618.095925,92.206,3
Linfen,36.088,111.519,China,CN,3976481,1408280000,9706961,38.5,13303.14815,65.544,0
Xianyang,34.3299,108.7088,China,CN,3959842,1408280000,9706961,38.5,13303.14815,65.544,0
Chuzhou,32.256,118.333,China,CN,3937868,1408280000,9706961,38.5,13303.14815,65.544,0
Kumasi,6.7,-1.625,Ghana,GH,3903480,33742380,238533,43.5,2405.794664,59.854,1
Zhuzhou,27.829,113.133,China,CN,3902738,1408280000,9706961,38.5,13303.14815,65.544,0
Taiyuan,37.8704,112.5497,China,CN,3875053,1408280000,9706961,38.5,13303.14815,65.544,1
Qingyuan,23.682,113.056,China,CN,3874000,1408280000,9706961,38.5,13303.14815,65.544,0
Meizhou,24.289,116.122,China,CN,3873239,1408280000,9706961,38.5,13303.14815,65.544,0
Yiyang,28.5549,112.356,China,CN,3851564,1408280000,9706961,38.5,13303.14815,65.544,0
Nanning,22.8167,108.3275,China,CN,3837978,1408280000,9706961,38.5,13303.14815,65.544,0
Harbin,45.7576,126.6409,China,CN,3830000,1408280000,9706961,38.5,13303.14815,65.544,6
Loudi,27.6998,111.9944,China,CN,3826996,1408280000,9706961,38.5,13303.14815,65.544,0
Abuja,9.0667,7.4833,Nigeria,NG,3770000,223800000,923768,35.1,806.9456951,55.03,2
Yokohama,35.4442,139.6381,Japan,JP,3757630,123210000,377930,32.9,32475.8925,92.134,4
Suihua,46.654,126.969,China,CN,3756167,1408280000,9706961,38.5,13303.14815,65.544,0
Binzhou,37.383,117.971,China,CN,3748474,1408280000,9706961,38.5,13303.14815,65.544,0
Zaozhuang,34.8109,117.3238,China,CN,3729140,1408280000,9706961,38.5,13303.14815,65.544,0
Detroit,42.3834,-83.1024,United States,US,3716929,340110988,9525067,41.4,85809.90038,83.515,2
Xiamen,24.4796,118.0889,China,CN,3707090,1408280000,9706961,38.5,13303.14815,65.544,1
Mashhad,36.3264,59.5433,Iran,IR,3700000,85961000,1648195,42,4771.40029,77.698,4
Montréal,45.5089,-73.5617,Canada,CA,3675219,41651653,9984670,33.3,54282.61761,81.98,4
Fuzhou,26.0743,119.2964,China,CN,3671192,1408280000,9706961,38.5,13303.14815,65.544,1
Wuhu,31.3526,118.4331,China,CN,3644420,1408280000,9706961,38.5,13303.14815,65.544,0
Medan,3.5894,98.6739,Indonesia,ID,3632000,284438782,1904569,38.2,4925.430488,59.204,1
Yulinshi,38.2858,109.7341,China,CN,3624750,1408280000,9706961,38.5,13303.14815,65.544,0
Fuzhou,27.949,116.358,China,CN,3614866,1408280000,9706961,38.5,13303.14815,65.544,1
Wenzhou,27.9938,120.6993,China,CN,3604446,1408280000,9706961,38.5,13303.14815,65.544,2
Changzhou,31.811,119.974,China,CN,3601079,1408280000,9706961,38.5,13303.14815,65.544,1
Puyang,35.7627,115.0292,China,CN,3598740,1408280000,9706961,38.5,13303.14815,65.544,0
Nanchang,28.683,115.858,China,CN,3576547,1408280000,9706961,38.5,13303.14815,65.544,1
Baicheng,23.903,106.619,China,CN,3571505,1408280000,9706961,38.5,13303.14815,65.544,0
Seattle,47.6211,-122.3244,United States,US,3555253,340110988,9525067,41.4,85809.90038,83.515,5
Ibadan,7.3964,3.9167,Nigeria,NG,3552000,223800000,923768,35.1,806.9456951,55.03,3
Jiaozuo,35.2157,113.2419,China,CN,3521078,1408280000,9706961,38.5,13303.14815,65.544,0
Nādampālaiyam,11.0125,76.9714,India,IN,3458045,1417492000,3287263,35.7,2696.6639,36.867,0
Deyang,31.127,104.398,China,CN,3456161,1408280000,9706961,38.5,13303.14815,65.544,0
Busan,35.18,129.075,"Korea, South",KR,3453198,51159889,100210,31.4,,81.498,0
Hechi,24.693,108.085,China,CN,3417945,1408280000,9706961,38.5,13303.14815,65.544,0
Tangshan,39.6294,118.1739,China,CN,3399231,1408280000,9706961,38.5,13303.14815,65.544,0
Lucknow,26.85,80.95,India,IN,3382000,1417492000,3287263,35.7,2696.6639,36.867,1
San Francisco,37.7558,-122.4449,United States,US,3364862,340110988,9525067,41.4,85809.90038,83.515,1
Boankra,6.6919,-1.4051,Ghana,GH,3348000,33742380,238533,43.5,2405.794664,59.854,0
Dubai,25.2631,55.2972,United Arab Emirates,AE,3331420,11294243,83600,26,49377.56434,88.008,8
Anshan,41.108,122.994,China,CN,3325372,1408280000,9706961,38.5,13303.14815,65.544,0
Guozhen,34.3609,107.1751,China,CN,3321853,1408280000,9706961,38.5,13303.14815,65.544,0
Baojishi,34.363,107.238,China,CN,3321853,1408280000,9706961,38.5,13303.14815,65.544,0
Qinzhou,21.981,108.654,China,CN,3302238,1408280000,9706961,38.5,13303.14815,65.544,0
Guiyang,26.647,106.63,China,CN,3299724,1408280000,9706961,38.5,13303.14815,65.544,0
Wuxi,31.5667,120.2833,China,CN,3245179,1408280000,9706961,38.5,13303.14815,65.544,1
Kannankulam,10.52,76.21,India,IN,3243170,1417492000,3287263,35.7,2696.6639,36.867,0
Caracas,10.4806,-66.9036,Venezuela,VE,3242000,28517000,916445,44.8,,88.505,0
Kotla Qasim Khan,32.5833,73.75,Pakistan,PK,3219375,241499431,796095,31.6,1484.749859,38.365,0
Casablanca,33.5333,-7.5833,Morocco,MA,3215935,36828330,446550,39.5,3993.387451,65.643,0
Hanzhong,33.0664,107.0232,China,CN,3211462,1408280000,9706961,38.5,13303.14815,65.544,0
Shiyan,32.629,110.7987,China,CN,3209004,1408280000,9706961,38.5,13303.14815,65.544,0
Guang’an,30.4564,106.6326,China,CN,3205476,1408280000,9706961,38.5,13303.14815,65.544,0
Faisalabad,31.4167,73.0911,Pakistan,PK,3203846,241499431,796095,31.6,1484.749859,38.365,4
Changzhi,36.195,113.117,China,CN,3180884,1408280000,9706961,38.5,13303.14815,65.544,0
Tongren,27.7316,109.1895,China,CN,3168800,1408280000,9706961,38.5,13303.14815,65.544,0
Bengbu,32.917,117.389,China,CN,3164467,1408280000,9706961,38.5,13303.14815,65.544,0
Leshan,29.552,103.766,China,CN,3160168,1408280000,9706961,38.5,13303.14815,65.544,0
Santa Cruz de la Sierra,-17.7892,-63.1975,Bolivia,BO,3151676,11365333,1098581,41.6,4001.21134,71.545,0
Neijiang,29.5802,105.058,China,CN,3140678,1408280000,9706961,38.5,13303.14815,65.544,1
Zhenjiang,32.188,119.424,China,CN,3113384,1408280000,9706961,38.5,13303.14815,65.544,0
Qinhuangdao,39.8882,119.5202,China,CN,3107400,1408280000,9706961,38.5,13303.14815,65.544,1
Bursa,40.1833,29.05,Turkey,TR,3101833,85664944,783562,41.9,15473.28726,77.893,0
Tashkent,41.3111,69.2797,Uzbekistan,UZ,3095498,37859698,447400,35.3,3161.700106,50.626,14
Guayaquil,-2.19,-79.8875,Ecuador,EC,3094420,18103660,276841,45.7,6874.70574,65.029,4
Jaipur,26.9,75.8,India,IN,3073350,1417492000,3287263,35.7,2696.6639,36.867,3
Lanzhou,36.0606,103.8268,China,CN,3067141,1408280000,9706961,38.5,13303.14815,65.544,2
Ouagadougou,12.3686,-1.5275,Burkina Faso,BF,3063271,24070553,272967,35.3,987.3213781,33.166,1
Athens,37.9842,23.7281,Greece,GR,3059764,10400720,131990,32.9,24752.10684,80.984,9
San Diego,32.8313,-117.1222,United States,US,3057778,340110988,9525067,41.4,85809.90038,83.515,5
Guatemala City,14.6417,-90.5133,Guatemala,GT,3014000,18079810,108889,48.3,6150.025978,53.542,0
Kuwait City,29.3697,47.9783,Kuwait,KW,2989000,4881254,17818,,32213.86223,100,0
Qincheng,34.5815,105.7248,China,CN,2984659,1408280000,9706961,38.5,13303.14815,65.544,0
İzmir,38.42,27.14,Turkey,TR,2965900,85664944,783562,41.9,15473.28726,77.893,0
Quezon City,14.65,121.0475,Philippines,PH,2960048,114123600,342353,42.3,3984.831539,48.614,0
Kyiv,50.45,30.5233,Ukraine,UA,2952301,32862000,603550,26.6,5389.473145,70.284,1
Kottārasshēri,10.775,76.651,India,IN,2952254,1417492000,3287263,35.7,2696.6639,36.867,0
Meishan,30.0771,103.8484,China,CN,2950545,1408280000,9706961,38.5,13303.14815,65.544,0
Incheon,37.4833,126.6333,"Korea, South",KR,2936117,51159889,100210,31.4,,81.498,0
Ningde,26.6662,119.5477,China,CN,2910000,1408280000,9706961,38.5,13303.14815,65.544,0
Zhongshan,22.517,113.3925,China,CN,2909633,1408280000,9706961,38.5,13303.14815,65.544,1
Minneapolis,44.9635,-93.2678,United States,US,2906807,340110988,9525067,41.4,85809.90038,83.515,2
Tampa,27.9945,-82.4447,United States,US,2906035,340110988,9525067,41.4,85809.90038,83.515,1
Putian,25.4526,119.0078,China,CN,2900000,1408280000,9706961,38.5,13303.14815,65.544,0
Mbuji-Mayi,-6.15,23.6,Congo (Kinshasa),CD,2892000,112832000,2344858,42.1,647.4357048,48.055,0
Tongliao,43.654,122.243,China,CN,2873168,1408280000,9706961,38.5,13303.14815,65.544,0
Chaoyang,41.571,120.453,China,CN,2872857,1408280000,9706961,38.5,13303.14815,65.544,0
Hohhot,40.842,111.749,China,CN,2866615,1408280000,9706961,38.5,13303.14815,65.544,0
Pyongyang,39.0167,125.7475,"Korea, North",KP,2863000,25950000,120538,,,63.503,0
Shaoguan,24.811,113.597,China,CN,2855131,1408280000,9706961,38.5,13303.14815,65.544,1
Taichung,24.1439,120.6794,Taiwan,TW,2850285,23317031,36197,,,,0
Cali,3.4206,-76.5222,Colombia,CO,2838333,53057212,1141748,51.3,7913.988015,82.652,1
Heyuan,23.7443,114.7002,China,CN,2837686,1408280000,9706961,38.5,13303.14815,65.544,0
Wuzhou,23.4767,111.279,China,CN,2820977,1408280000,9706961,38.5,13303.14815,65.544,0
Pretoria,-25.7461,28.1881,South Africa,ZA,2818100,63100945,1221037,63,6253.371582,69.298,1
Suining,30.533,105.593,China,CN,2814196,1408280000,9706961,38.5,13303.14815,65.544,0
Omdurman,15.6835,32.4629,Sudan,SD,2805396,51662000,1886068,34.2,989.3128662,36.752,2
Weihai,37.5133,122.1205,China,CN,2804771,1408280000,9706961,38.5,13303.14815,65.544,0
Rizhao,35.417,119.527,China,CN,2801013,1408280000,9706961,38.5,13303.14815,65.544,0
Malang,-7.98,112.62,Indonesia,ID,2795209,284438782,1904569,38.2,4925.430488,59.204,6
Stuttgart,48.7775,9.18,Germany,DE,2787724,83491249,357114,31.9,55800.21945,77.895,6
Daqing,46.589,125.104,China,CN,2781562,1408280000,9706961,38.5,13303.14815,65.544,0
Rome,41.8931,12.4828,Italy,IT,2748109,58927633,301336,35.9,40226.04724,72.292,3
Kaohsiung,22.615,120.2975,Taiwan,TW,2737660,23317031,36197,,,,0
Brooklyn,40.6501,-73.9496,United States,US,2736074,340110988,9525067,41.4,85809.90038,83.515,1
Xiangtan,27.8313,112.9454,China,CN,2726181,1408280000,9706961,38.5,13303.14815,65.544,2
Bazhou,31.868,106.748,China,CN,2712894,1408280000,9706961,38.5,13303.14815,65.544,0
Handan,36.601,114.487,China,CN,2708015,1408280000,9706961,38.5,13303.14815,65.544,0
Brisbane,-27.4678,153.0281,Australia,AU,2706966,27536874,7692024,34.4,64407.48426,86.75,0
Jinzhou,41.129,121.148,China,CN,2703853,1408280000,9706961,38.5,13303.14815,65.544,0
Denver,39.762,-104.8758,United States,US,2691349,340110988,9525067,41.4,85809.90038,83.515,5
Xinzhou,38.416,112.734,China,CN,2689668,1408280000,9706961,38.5,13303.14815,65.544,0
Nanping,26.6418,118.1774,China,CN,2680645,1408280000,9706961,38.5,13303.14815,65.544,0
Gāzipura,23.9234,90.3959,Bangladesh,BD,2674697,169828911,147570,32.4,2593.416074,41.23,0
Shanwei,22.7872,115.3756,China,CN,2672819,1408280000,9706961,38.5,13303.14815,65.544,0
Maracaibo,10.6333,-71.6333,Venezuela,VE,2658355,28517000,916445,44.8,,88.505,0
Chaozhou,23.658,116.622,China,CN,2656600,1408280000,9706961,38.5,13303.14815,65.544,0
Baotou,40.6213,109.9532,China,CN,2650364,1408280000,9706961,38.5,13303.14815,65.544,0
Longyan,25.076,117.017,China,CN,2640000,1408280000,9706961,38.5,13303.14815,65.544,0
Weifang,36.708,119.162,China,CN,2636154,1408280000,9706961,38.5,13303.14815,65.544,0
Huai’an,33.551,119.113,China,CN,2632788,1408280000,9706961,38.5,13303.14815,65.544,0
Zibo,36.8138,118.055,China,CN,2631647,1408280000,9706961,38.5,13303.14815,65.544,0
Attadappa,11.8689,75.3555,India,IN,2615266,1417492000,3287263,35.7,2696.6639,36.867,0
Munich,48.1375,11.575,Germany,DE,2606021,83491249,357114,31.9,55800.21945,77.895,0
Gulou,26.0865,119.298,China,CN,2606000,1408280000,9706961,38.5,13303.14815,65.544,0
Birmingham,52.48,-1.9025,United Kingdom,GB,2590363,69281437,244376,35.1,52636.78659,84.884,3
Valencia,10.1833,-68,Venezuela,VE,2585202,28517000,916445,44.8,,88.505,0
Damascus,33.502,36.2981,Syria,SY,2584771,25620000,185180,37.5,,58.044,0
Chattogram,22.335,91.8325,Bangladesh,BD,2581643,169828911,147570,32.4,2593.416074,41.23,0
Brazzaville,-4.2667,15.2667,Congo (Brazzaville),CG,2557100,6142180,342000,48.9,2482.248947,69.638,0
Yangjiang,21.857,111.983,China,CN,2555600,1408280000,9706961,38.5,13303.14815,65.544,0
Sanaa,15.3483,44.2064,Yemen,YE,2545000,32684503,527968,36.7,,40.477,0
Barmhān Kalān,19.1972,72.9722,India,IN,2537000,1417492000,3287263,35.7,2696.6639,36.867,0
Medellín,6.2308,-75.5906,Colombia,CO,2529403,53057212,1141748,51.3,7913.988015,82.652,1
Dingxi,35.608,104.592,China,CN,2524097,1408280000,9706961,38.5,13303.14815,65.544,0
Shaoxing,30.0511,120.5833,China,CN,2521964,1408280000,9706961,38.5,13303.14815,65.544,0
Yantai,37.4646,121.4478,China,CN,2511053,1408280000,9706961,38.5,13303.14815,65.544,3
Huizhou,23.112,114.416,China,CN,2509243,1408280000,9706961,38.5,13303.14815,65.544,1
Xuanzhou,30.939,118.759,China,CN,2500063,1408280000,9706961,38.5,13303.14815,65.544,0
Mirzāpur,25.146,82.569,India,IN,2496970,1417492000,3287263,35.7,2696.6639,36.867,0
Hamburg,53.55,10,Germany,DE,2496600,83491249,357114,31.9,55800.21945,77.895,10
Taipei,25.0375,121.5625,Taiwan,TW,2494813,23317031,36197,,,,0
Ankang,32.6854,109.029,China,CN,2493436,1408280000,9706961,38.5,13303.14815,65.544,0
Zigong,29.339,104.779,China,CN,2489256,1408280000,9706961,38.5,13303.14815,65.544,0
Sanming,26.2634,117.6389,China,CN,2486450,1408280000,9706961,38.5,13303.14815,65.544,0
Toluca,19.2925,-99.6569,Mexico,MX,2476689,130575786,1964375,45.4,14157.94458,81.862,1
Huangshi,30.2011,115.039,China,CN,2469079,1408280000,9706961,38.5,13303.14815,65.544,0
Yaoundé,3.8667,11.5167,Cameroon,CM,2440462,29442327,475442,46.6,1762.368351,59.892,2
Zhuhai,22.2742,113.5719,China,CN,2439585,1408280000,9706961,38.5,13303.14815,65.544,0
Huludao,40.711,120.837,China,CN,2434194,1408280000,9706961,38.5,13303.14815,65.544,0
Baoshan,25.112,99.161,China,CN,2431211,1408280000,9706961,38.5,13303.14815,65.544,0
Mecca,21.4225,39.8261,Saudi Arabia,SA,2427924,35300280,2149690,,35057.22523,85.171,0
Vancouver,49.25,-123.1,Canada,CA,2426160,41651653,9984670,33.3,54282.61761,81.98,1
Lianshan,40.7523,120.828,China,CN,2426000,1408280000,9706961,38.5,13303.14815,65.544,0
Beirut,33.8981,35.5058,Lebanon,LB,2421354,5490000,10452,31.8,,89.603,3
Salvador,-12.9831,-38.4928,Brazil,BR,2417678,213421037,8515767,53.4,10280.31486,88.016,2
Bucharest,44.4325,26.1039,Romania,RO,2412530,19036031,238391,35.8,20072.40792,54.88,8
Longba,33.3702,104.9603,China,CN,2407272,1408280000,9706961,38.5,13303.14815,65.544,0
Nāgpur,21.1497,79.0806,India,IN,2405665,1417492000,3287263,35.7,2696.6639,36.867,0
Queens,40.7498,-73.7976,United States,US,2405464,340110988,9525067,41.4,85809.90038,83.515,3
Tieling,42.2237,123.726,China,CN,2388294,1408280000,9706961,38.5,13303.14815,65.544,0
Yunfu,22.9152,112.0445,China,CN,2383350,1408280000,9706961,38.5,13303.14815,65.544,0
Bekasi,-6.2333,107,Indonesia,ID,2381053,284438782,1904569,38.2,4925.430488,59.204,0
Daegu,35.8717,128.6017,"Korea, South",KR,2376044,51159889,100210,31.4,,81.498,0
Ghāziābād,28.67,77.42,India,IN,2375820,1417492000,3287263,35.7,2696.6639,36.867,0
Luoyang,34.6197,112.4539,China,CN,2372571,1408280000,9706961,38.5,13303.14815,65.544,1
Luohe,33.5804,114.0166,China,CN,2367490,1408280000,9706961,38.5,13303.14815,65.544,0
Algiers,36.7325,3.0872,Algeria,DZ,2364230,47400000,2381741,27.6,5631.179991,75.748,0
Anshun,26.2531,105.9476,China,CN,2353100,1408280000,9706961,38.5,13303.14815,65.544,0
Huainan,32.6314,117.0194,China,CN,2333896,1408280000,9706961,38.5,13303.14815,65.544,0
Depok,-6.394,106.8225,Indonesia,ID,2330333,284438782,1904569,38.2,4925.430488,59.204,0
Konya,37.8667,32.4833,Turkey,TR,2320241,85664944,783562,41.9,15473.28726,77.893,0
Haiphong,20.8651,106.6838,Vietnam,VN,2310280,101343800,331212,35.7,4717.290287,40.195,0
Yanjiang,30.129,104.627,China,CN,2308631,1408280000,9706961,38.5,13303.14815,65.544,0
Guangyuan,32.436,105.844,China,CN,2305657,1408280000,9706961,38.5,13303.14815,65.544,0
Baku,40.3667,49.8352,Azerbaijan,AZ,2300500,10241722,86600,26.6,7283.83563,57.997,4
Yingkou,40.625,122.219,China,CN,2296540,1408280000,9706961,38.5,13303.14815,65.544,0
Mudanjiang,44.5514,129.6329,China,CN,2290208,1408280000,9706961,38.5,13303.14815,65.544,0
Riverside,33.9381,-117.3949,United States,US,2288508,340110988,9525067,41.4,85809.90038,83.515,3
Fukuoka,33.59,130.4017,Japan,JP,2286000,123210000,377930,32.9,32475.8925,92.134,7
Nantong,31.981,120.894,China,CN,2261382,1408280000,9706961,38.5,13303.14815,65.544,0
Lincang,23.884,100.089,China,CN,2257991,1408280000,9706961,38.5,13303.14815,65.544,0
Las Vegas,36.2333,-115.2654,United States,US,2256509,340110988,9525067,41.4,85809.90038,83.515,0
Haikou,20.0186,110.3488,China,CN,2250000,1408280000,9706961,38.5,13303.14815,65.544,0
Yuxi,24.347,102.527,China,CN,2249502,1408280000,9706961,38.5,13303.14815,65.544,0
Tangerang,-6.1703,106.6403,Indonesia,ID,2237006,284438782,1904569,38.2,4925.430488,59.204,0
Supaul,26.126,86.605,India,IN,2229076,1417492000,3287263,35.7,2696.6639,36.867,0
Almaty,43.24,76.915,Kazakhstan,KZ,2228675,20426568,2724900,27.8,14005.34874,58.387,0
Vienna,48.2083,16.3725,Austria,AT,2223236,9200931,83871,30.8,56833.19605,59.819,2
Eşfahān,32.6653,51.6703,Iran,IR,2219343,85961000,1648195,42,4771.40029,77.698,0
Xining,36.6224,101.7804,China,CN,2208708,1408280000,9706961,38.5,13303.14815,65.544,0
Jincheng,35.491,112.852,China,CN,2194545,1408280000,9706961,38.5,13303.14815,65.544,0
Baltimore,39.3051,-76.6144,United States,US,2189589,340110988,9525067,41.4,85809.90038,83.515,5
Dandong,40.1167,124.3833,China,CN,2188436,1408280000,9706961,38.5,13303.14815,65.544,0
Yan’an,36.65,109.494,China,CN,2187009,1408280000,9706961,38.5,13303.14815,65.544,0
Qinbaling,35.7091,107.6436,China,CN,2179716,1408280000,9706961,38.5,13303.14815,65.544,0
Gaoping,30.7824,106.1281,China,CN,2174000,1408280000,9706961,38.5,13303.14815,65.544,0
Awka,6.2069,7.0678,Nigeria,NG,2171900,223800000,923768,35.1,806.9456951,55.03,0
Taizhou,28.6557,121.4208,China,CN,2162461,1408280000,9706961,38.5,13303.14815,65.544,1
Ma’anshan,31.669,118.507,China,CN,2159930,1408280000,9706961,38.5,13303.14815,65.544,0
Jiamusi,46.8,130.319,China,CN,2156505,1408280000,9706961,38.5,13303.14815,65.544,0
Perth,-31.9558,115.8597,Australia,AU,2141834,27536874,7692024,34.4,64407.48426,86.75,0
Gaziantep,37.0628,37.3792,Turkey,TR,2130432,85664944,783562,41.9,15473.28726,77.893,0
Phnom Penh,11.5696,104.921,Cambodia,KH,2129371,17577760,181035,,2627.879697,26.035,0
St. Louis,38.6359,-90.2451,United States,US,2127843,340110988,9525067,41.4,85809.90038,83.515,1
Mogadishu,2.0392,45.3419,Somalia,SO,2120000,19655000,637657,36.8,636.9834776,48.519,1
Lishui,28.468,119.923,China,CN,2116957,1408280000,9706961,38.5,13303.14815,65.544,0
Kowloon,22.3167,114.1833,Hong Kong,HK,2108419,7527500,1104,,54107.03452,100,0
Córdoba,-31.4167,-64.1833,Argentina,AR,2106734,46735004,2780400,42.9,13858.20398,92.579,2
Zamboanga City,6.9042,122.0761,Philippines,PH,2100000,114123600,342353,42.3,3984.831539,48.614,0
Rawalpindi,33.6,73.0333,Pakistan,PK,2098231,241499431,796095,31.6,1484.749859,38.365,0
Havana,23.1367,-82.3589,Cuba,CU,2089532,9748007,109884,,,77.657,0
Chongzuo,22.377,107.365,China,CN,2088692,1408280000,9706961,38.5,13303.14815,65.544,0
Portland,45.5371,-122.65,United States,US,2084045,340110988,9525067,41.4,85809.90038,83.515,3
Laibin,23.7501,109.2212,China,CN,2074611,1408280000,9706961,38.5,13303.14815,65.544,0
San Antonio,29.4632,-98.5238,United States,US,2069843,340110988,9525067,41.4,85809.90038,83.515,0
Vadodara,22.3,73.2,India,IN,2065771,1417492000,3287263,35.7,2696.6639,36.867,1
Qingyang,24.7816,118.5517,China,CN,2061600,1408280000,9706961,38.5,13303.14815,65.544,0
Rājkot,22.3,70.7833,India,IN,2043000,1417492000,3287263,35.7,2696.6639,36.867,0
Shangzhou,33.8734,109.9186,China,CN,2041231,1408280000,9706961,38.5,13303.14815,65.544,0
Vishākhapatnam,17.7042,83.2978,India,IN,2035922,1417492000,3287263,35.7,2696.6639,36.867,0
Shengli,37.434,118.6746,China,CN,2035338,1408280000,9706961,38.5,13303.14815,65.544,0
Sanmenxia,34.7732,111.2004,China,CN,2034872,1408280000,9706961,38.5,13303.14815,65.544,0
Warsaw,52.23,21.0111,Poland,PL,2028000,37392000,312679,30.2,25022.67164,60.33,17
Gujranwala,32.1567,74.19,Pakistan,PK,2027001,241499431,796095,31.6,1484.749859,38.365,1
Hezhou,24.4042,111.5672,China,CN,2007858,1408280000,9706961,38.5,13303.14815,65.544,0
Aleppo,36.2319,37.1681,Syria,SY,2003671,25620000,185180,37.5,,58.044,0
Tijuana,32.525,-117.0333,Mexico,MX,2002000,130575786,1964375,45.4,14157.94458,81.862,0
Puning,23.298,116.166,China,CN,1998619,1408280000,9706961,38.5,13303.14815,65.544,0
Indore,22.7167,75.8472,India,IN,1994397,1417492000,3287263,35.7,2696.6639,36.867,2
Minsk,53.9006,27.5586,Belarus,BY,1992862,9109280,207600,25.3,8316.647763,81.125,2
Karaj,35.8292,50.9675,Iran,IR,1973470,85961000,1648195,42,4771.40029,77.698,1
Kananga,-5.897,22.4488,Congo (Kinshasa),CD,1971704,112832000,2344858,42.1,647.4357048,48.055,0
Huaibei,33.956,116.798,China,CN,1970265,1408280000,9706961,38.5,13303.14815,65.544,0
Peshawar,34.0144,71.5675,Pakistan,PK,1970042,241499431,796095,31.6,1484.749859,38.365,6
Sacramento,38.5677,-121.4685,United States,US,1962998,340110988,9525067,41.4,85809.90038,83.515,2
Sapporo,43.0619,141.3544,Japan,JP,1959313,123210000,377930,32.9,32475.8925,92.134,4
Tilburg,51.5572,5.0911,Netherlands,NL,1944588,18100436,41865,28.1,68218.7261,93.453,1
Austin,30.3005,-97.7522,United States,US,1915031,340110988,9525067,41.4,85809.90038,83.515,5
Orlando,28.4773,-81.337,United States,US,1913597,340110988,9525067,41.4,85809.90038,83.515,0
Davao,7.07,125.6,Philippines,PH,1910167,114123600,342353,42.3,3984.831539,48.614,2
Songjiang,31.0058,121.2333,China,CN,1909713,1408280000,9706961,38.5,13303.14815,65.544,0
Yinchuan,38.485,106.225,China,CN,1901793,1408280000,9706961,38.5,13303.14815,65.544,0
Abhepur,39.41,116.38,India,IN,1895686,1417492000,3287263,35.7,2696.6639,36.867,0
Thāne,19.1972,72.9722,India,IN,1886941,1417492000,3287263,35.7,2696.6639,36.867,0
Multan,30.1978,71.4697,Pakistan,PK,1871843,241499431,796095,31.6,1484.749859,38.365,2
Port Harcourt,4.8242,7.0336,Nigeria,NG,1865000,223800000,923768,35.1,806.9456951,55.03,0
Fushun,41.881,123.957,China,CN,1861372,1408280000,9706961,38.5,13303.14815,65.544,1
Tainan,22.9833,120.1833,Taiwan,TW,1856642,23317031,36197,,,,0
Pingliang,35.5424,106.6649,China,CN,1848607,1408280000,9706961,38.5,13303.14815,65.544,0
Siping,43.1668,124.3506,China,CN,1814733,1408280000,9706961,38.5,13303.14815,65.544,0
San Juan,18.3985,-66.061,Puerto Rico,PR,1809800,3203295,8870,,39285.01746,93.664,1
Pingxiang,27.659,113.887,China,CN,1804805,1408280000,9706961,38.5,13303.14815,65.544,0
Bhopāl,23.2599,77.4126,India,IN,1798218,1417492000,3287263,35.7,2696.6639,36.867,0
Mosul,36.3667,43.1167,Iraq,IQ,1792000,46118793,438317,29.5,6073.610323,,1
Diyarbakır,37.91,40.24,Turkey,TR,1791373,85664944,783562,41.9,15473.28726,77.893,0
Lubumbashi,-11.6647,27.4794,Congo (Kinshasa),CD,1786397,112832000,2344858,42.1,647.4357048,48.055,0
Benin City,6.3333,5.6222,Nigeria,NG,1780000,223800000,923768,35.1,806.9456951,55.03,0
Curitiba,-25.4297,-49.2719,Brazil,BR,1773718,213421037,8515767,53.4,10280.31486,88.016,1
San Jose,37.3012,-121.848,United States,US,1771563,340110988,9525067,41.4,85809.90038,83.515,2
Shuyangzha,34.1299,118.7734,China,CN,1770000,1408280000,9706961,38.5,13303.14815,65.544,0
Adana,37,35.3213,Turkey,TR,1765981,85664944,783562,41.9,15473.28726,77.893,0
Quito,-0.22,-78.5125,Ecuador,EC,1763275,18103660,276841,45.7,6874.70574,65.029,2
Āgra,27.18,78.02,India,IN,1760285,1417492000,3287263,35.7,2696.6639,36.867,0
Peyanvilai,8.9,77.9833,India,IN,1750176,1417492000,3287263,35.7,2696.6639,36.867,0
Lusaka,-15.4167,28.2833,Zambia,ZM,1747152,19693423,752612,57.1,1235.084665,46.914,1
Indianapolis,39.7771,-86.1458,United States,US,1740984,340110988,9525067,41.4,85809.90038,83.515,2
Hyderabad City,25.3792,68.3683,Pakistan,PK,1732693,241499431,796095,31.6,1484.749859,38.365,0
Pimpri-Chinchwad,18.6186,73.8037,India,IN,1729320,1417492000,3287263,35.7,2696.6639,36.867,0
Maracay,10.2469,-67.5961,Venezuela,VE,1723236,28517000,916445,44.8,,88.505,0
Masqaţ,23.614,58.5911,Oman,OM,1720000,5343630,309500,,20248.41681,88.998,0
Montevideo,-34.9056,-56.1842,Uruguay,UY,1719453,3499451,181034,39.7,23906.5133,95.852,1
Pittsburgh,40.4397,-79.9763,United States,US,1712828,340110988,9525067,41.4,85809.90038,83.515,6
Cincinnati,39.1413,-84.506,United States,US,1704916,340110988,9525067,41.4,85809.90038,83.515,2
Manhattan,40.7834,-73.9662,United States,US,1694263,340110988,9525067,41.4,85809.90038,83.515,4
Kansas City,39.1238,-94.5541,United States,US,1686807,340110988,9525067,41.4,85809.90038,83.515,2
Budapest,47.4983,19.0408,Hungary,HU,1686222,9539502,93028,29.6,23310.75127,73.179,9
Patna,25.594,85.1376,India,IN,1684222,1417492000,3287263,35.7,2696.6639,36.867,3
Kampala,0.3136,32.5811,Uganda,UG,1680600,45905417,241550,42.8,1072.713698,27.389,2
Beihai,21.481,109.12,China,CN,1680000,1408280000,9706961,38.5,13303.14815,65.544,0
Sanzhou,30.82,108.4,China,CN,1680000,1408280000,9706961,38.5,13303.14815,65.544,0
Cleveland,41.4764,-81.6805,United States,US,1679247,340110988,9525067,41.4,85809.90038,83.515,3
Conakry,9.5092,-13.7122,Guinea,GN,1667864,14363931,245857,33.7,1717.023181,38.517,1
Ximeicun,24.9612,118.3849,China,CN,1663542,1408280000,9706961,38.5,13303.14815,65.544,0
Caloocan City,14.65,120.97,Philippines,PH,1661584,114123600,342353,42.3,3984.831539,48.614,0
Ecatepec,19.6097,-99.06,Mexico,MX,1655015,130575786,1964375,45.4,14157.94458,81.862,0
Yushan,31.322,120.985,China,CN,1652159,1408280000,9706961,38.5,13303.14815,65.544,0
Fuxin,42.022,121.67,China,CN,1647280,1408280000,9706961,38.5,13303.14815,65.544,0
Novosibirsk,55.05,82.95,Russia,RU,1633851,146028325,17098246,37.5,14889.01855,75.548,0
Bilāspur,22.09,82.15,India,IN,1625502,1417492000,3287263,35.7,2696.6639,36.867,0
Semarang,-6.99,110.4225,Indonesia,ID,1621384,284438782,1904569,38.2,4925.430488,59.204,4
Jingdezhen,29.2917,117.1986,China,CN,1618979,1408280000,9706961,38.5,13303.14815,65.544,1
Ludhiāna,30.91,75.85,India,IN,1618879,1417492000,3287263,35.7,2696.6639,36.867,0
Liaoyang,41.279,123.176,China,CN,1604580,1408280000,9706961,38.5,13303.14815,65.544,0
Jiangyin,31.839,120.295,China,CN,1595138,1408280000,9706961,38.5,13303.14815,65.544,0
Valencia,39.47,-0.3764,Spain,ES,1595000,49315949,505992,34.7,35297.0095,81.802,4
Shuozhou,39.3317,112.4329,China,CN,1593444,1408280000,9706961,38.5,13303.14815,65.544,0
León de los Aldama,21.1167,-101.6833,Mexico,MX,1579803,130575786,1964375,45.4,14157.94458,81.862,0
Columbus,39.9862,-82.9855,United States,US,1578153,340110988,9525067,41.4,85809.90038,83.515,5
Puebla,19.0333,-98.1833,Mexico,MX,1576259,130575786,1964375,45.4,14157.94458,81.862,4
Biên Hòa,10.95,106.8167,Vietnam,VN,1575000,101343800,331212,35.7,4717.290287,40.195,0
Chengtangcun,35.0833,117.15,China,CN,1574648,1408280000,9706961,38.5,13303.14815,65.544,0
Yopougon,5.3748,-4.0867,Côte d’Ivoire,CI,1571065,31719275,322463,41.5,2709.895116,53.644,0
Hebi,35.748,114.297,China,CN,1565973,1408280000,9706961,38.5,13303.14815,65.544,0
Shīrāz,29.61,52.5425,Iran,IR,1565572,85961000,1648195,42,4771.40029,77.698,0
Dushanbe,38.5367,68.78,Tajikistan,TJ,1564700,10499000,143100,34,1341.20229,28.523,0
Madurai,9.9252,78.1198,India,IN,1561129,1417492000,3287263,35.7,2696.6639,36.867,1
Huzhou,30.8925,120.0875,China,CN,1558826,1408280000,9706961,38.5,13303.14815,65.544,0
Harare,-17.8292,31.0522,Zimbabwe,ZW,1558823,17073087,390757,50.3,2656.409377,32.67,1
Tabrīz,38.0817,46.2992,Iran,IR,1558693,85961000,1648195,42,4771.40029,77.698,0
Jamshedpur,22.7925,86.1842,India,IN,1558000,1417492000,3287263,35.7,2696.6639,36.867,1
Baicheng,45.62,122.838,China,CN,1551378,1408280000,9706961,38.5,13303.14815,65.544,0
San José,9.9325,-84.08,Costa Rica,CR,1543000,5309625,51100,48.2,18587.15322,83.167,0